*MAP(Y/o,[D, J, R, Z, d, l, n, r, z]r'__[C, D, J, S, T, Z, b, d, f, g, k, p, s, t, v, z, ~]) (mu=0.0, sigma^2=100000.0)	0.0
*MAP(/t,[A, E, I, L, O, P, Q, R, U, W, X, Y, ^, a, e, i, j, o, r, u, w]b__) (mu=0.0, sigma^2=100000.0)	0.3701219310780315
*MAP(e/o,[b, m, v, w]'__[C, D, J, N, S, T, Z, b, d, f, g, h, j, k, l, m, n, p, r, s, t, v, w, z, ~]) (mu=0.0, sigma^2=100000.0)	84.26072451455572
*MAP(/,[D, R, S, T, Z, l, r, s, z]t__) (mu=0.0, sigma^2=100000.0)	18.12573886575204
*MAP(I/Q,'__t) (mu=0.0, sigma^2=100000.0)	0.3701219310780315
*MAP(I/^,'__Nk) (mu=0.0, sigma^2=100000.0)	0.3701219310780315
*MAP(Y/o,[D, J, Z, d, l, n, r, z]'__[D, J, Z, b, d, g, v, z]) (mu=0.0, sigma^2=100000.0)	61.11704498905399
*MAP(/t,f__) (mu=0.0, sigma^2=100000.0)	0.3701219310780315
*MAP(e/o,[D, J, N, Z, b, d, g, j, l, m, n, r, v, w, z]'__[C, D, J, N, S, T, Z, b, d, f, g, h, j, k, l, m, n, p, r, s, t, v, w, z, ~]) (mu=0.0, sigma^2=100000.0)	83.55197584841721
*MAP(/Xd,[C, D, J, N, S, T, Z, b, d, f, g, h, j, k, l, m, n, p, r, s, t, v, w, z, ~]It__) (mu=0.0, sigma^2=100000.0)	0.0
*MAP(/t,[C, S, T, s, t]__) (mu=0.0, sigma^2=100000.0)	0.3701219310780315
*MAP(i/o,[C, k, p, t, ~]'__[C, D, J, N, S, T, Z, b, d, f, g, h, k, l, m, n, p, s, t, v, z, ~]) (mu=0.0, sigma^2=100000.0)	77.26265952663356
*MAP(/d,[A, L, P, R, U, X, ^, a, o, u]p__) (mu=0.0, sigma^2=100000.0)	0.3701219310780315
*MAP(/t,[l, n, r]t__) (mu=0.0, sigma^2=100000.0)	0.3701219310780315
*MAP(El/old,t'__) (mu=0.0, sigma^2=100000.0)	0.0
*MAP(il/Elt,[C, D, J, N, S, T, Z, b, d, f, g, k, m, n, p, s, t, v, z, ~]'__) (mu=0.0, sigma^2=100000.0)	25.84365225699354
*MAP(i/E,[D, S, T, Z, f, h, j, l, r, s, v, w, z]'__d) (mu=0.0, sigma^2=100000.0)	26.25779359576221
*MAP(/t,nt__) (mu=0.0, sigma^2=100000.0)	0.3701219310780315
*MAP(u/Id,d'__) (mu=0.0, sigma^2=100000.0)	9.74998499902286
*MAP(Y/o,[C, D, J, S, T, Z, d, l, n, r, s, t, z]'__[D, N, Z, m, n, v, z]) (mu=0.0, sigma^2=100000.0)	68.36364969993997
*MAP(Y/o,[R, X]r'__[D, T, d, s, t, z]) (mu=0.0, sigma^2=100000.0)	0.027073835480464006
*MAP(I/e,g'__v) (mu=0.0, sigma^2=100000.0)	0.0
*MAP(I/^,[C, D, J, N, S, T, Z, b, d, f, g, h, j, k, l, m, n, p, r, s, t, v, w, z, ~]'__[C, J, N, b, d, g, k, m, n, p, t, ~]) (mu=0.0, sigma^2=100000.0)	60.78469481619677
*MAP(Y/^,str'__k) (mu=0.0, sigma^2=100000.0)	0.0
*MAP(/d,[C, S, T, s, t]__) (mu=0.0, sigma^2=100000.0)	0.3701219310780315
*MAP(i/E,[C, D, J, N, S, T, Z, b, d, f, g, h, k, l, m, n, p, s, t, v, z, ~]'__[d, t]) (mu=0.0, sigma^2=100000.0)	60.93566336163364
*MAP(/d,[P, R, U, W, X, ^, o, u]l__) (mu=0.0, sigma^2=100000.0)	15.528057273378963
*MAP(/t,[e, o]t__) (mu=0.0, sigma^2=100000.0)	0.3701219310780315
*MAP(/t,[C, J, N, b, d, g, k, m, n, p, t, ~]t__) (mu=0.0, sigma^2=100000.0)	0.3701219310780315
*MAP(i/E,[N, j, l, m, n, r, w]'__[d, t]) (mu=0.0, sigma^2=100000.0)	64.17093525806939
*MAP(Y/W,[f, v, w]'__nd) (mu=0.0, sigma^2=100000.0)	0.0
*MAP(u/o,C'__z) (mu=0.0, sigma^2=100000.0)	0.0
*MAP(e/o,'__r) (mu=0.0, sigma^2=100000.0)	0.3701219310780315
*MAP(Y/o,[S, Z, r]'__[D, N, Z, m, n, v, z]) (mu=0.0, sigma^2=100000.0)	11.692987076468187
*MAP(/d,[A, E, I, L, O, P, Q, R, U, W, X, Y, ^, a, e, i, j, o, r, u, w]b__) (mu=0.0, sigma^2=100000.0)	0.0
*MAP(/d,[D, R, S, T, Z, l, r, s, z]__) (mu=0.0, sigma^2=100000.0)	15.38559415374923
*MAP(e/o,[b, m, v, w]'__r) (mu=0.0, sigma^2=100000.0)	1.4933235989038973
*MAP(/Xd,Rt__) (mu=0.0, sigma^2=100000.0)	0.3701219310780315
*MAP(Y/e,l'__) (mu=0.0, sigma^2=100000.0)	16.309712043916555
*MAP(/,[D, T, l, s, z]'Et__) (mu=0.0, sigma^2=100000.0)	0.0
*MAP(E/a,'__) (mu=0.0, sigma^2=100000.0)	0.3701219310780315
*MAP(I/^,l'__N) (mu=0.0, sigma^2=100000.0)	0.3701219310780315
*MAP(/t,[E, I]l__) (mu=0.0, sigma^2=100000.0)	18.68384268015411
*MAP(/d,[E, P, ^, a]k__) (mu=0.0, sigma^2=100000.0)	0.3701219310780315
*MAP(/,t__) (mu=0.0, sigma^2=100000.0)	0.3701219310780315
*MAP(/d,[C, D, J, N, S, T, Z, b, d, f, g, h, k, l, m, n, p, s, t, v, z, ~]Y__) (mu=0.0, sigma^2=100000.0)	0.0
*MAP(/t,[A, L, P, R, U, W, X, ^, a, o, u]nd__) (mu=0.0, sigma^2=100000.0)	0.3701219310780315
*MAP(/t,[D, Z, l, v, z]__) (mu=0.0, sigma^2=100000.0)	32.809324005157926
*MAP(/d,[P, R, U, X, ^, o, u]v__) (mu=0.0, sigma^2=100000.0)	0.3312210072362165
*MAP(/t,Rt__) (mu=0.0, sigma^2=100000.0)	0.3701219310780315
*MAP(/Xd,[C, S, T, f, h, k, p, s, t, ~]'End__) (mu=0.0, sigma^2=100000.0)	15.237159283824349
*MAP(I/Q,[j, r, w]'__[N, m, n]) (mu=0.0, sigma^2=100000.0)	68.75727273469654
*MAP(/d,[O, P, U, W, o, u]d__) (mu=0.0, sigma^2=100000.0)	0.3701219310780315
*MAP(i/e,'__t) (mu=0.0, sigma^2=100000.0)	49.6331206256535
*MAP(i/o,[C, D, J, S, T, Z, d, l, n, r, s, t, z]'__[D, l, z]) (mu=0.0, sigma^2=100000.0)	85.38696969553578
*MAP(/t,[D, S, T, Z, s, z]__) (mu=0.0, sigma^2=100000.0)	0.3701219310780315
*MAP(e/o,[j, r, w]'__[C, D, J, N, S, T, Z, b, d, f, g, h, j, k, l, m, n, p, r, s, t, v, w, z, ~]) (mu=0.0, sigma^2=100000.0)	84.72816255104331
*MAP(/t,[A, L, P, R, U, W, X, ^, a, o, u]d__) (mu=0.0, sigma^2=100000.0)	0.3701219310780315
*MAP(/t,[A, E, L, P, Q, R, X, ^, a, e, o]d__) (mu=0.0, sigma^2=100000.0)	0.3701219310780315
*MAP(/d,[e, o]l__) (mu=0.0, sigma^2=100000.0)	0.0
*MAP(/d,[C, D, J, S, T, Z, b, d, f, g, k, p, s, t, v, z, ~]__) (mu=0.0, sigma^2=100000.0)	22.87293541228825
*MAP(/d,[E, I, P, U, ^, a]p__) (mu=0.0, sigma^2=100000.0)	0.3701219310780315
*MAP(I/^,[D, J, Z, d, l, n, r, z]'__[N, g]) (mu=0.0, sigma^2=100000.0)	34.66894497016887
*MAP(/t,[Q, a]k__) (mu=0.0, sigma^2=100000.0)	0.3478995068443729
*MAP(Y/W,[D, S, T, Z, f, h, j, l, r, s, v, w, z]'__nd) (mu=0.0, sigma^2=100000.0)	64.32149122683867
*MAP(i/E,'__) (mu=0.0, sigma^2=100000.0)	0.3701219310780315
*MAP(e/o,'__k) (mu=0.0, sigma^2=100000.0)	0.3701219310780315
*MAP(/t,[C, D, J, N, S, T, Z, b, d, f, g, h, j, k, l, m, n, p, r, s, t, v, w, z, ~]It__) (mu=0.0, sigma^2=100000.0)	0.3701219310780315
*MAP(/t,[A, E, L, O, P, Q, R, W, X, Y, ^, a, e, o]p__) (mu=0.0, sigma^2=100000.0)	0.0
*MAP(/t,Ik__) (mu=0.0, sigma^2=100000.0)	0.3701219310780315
*MAP(/t,[A, L, P, R, U, X, ^, a, o, u]k__) (mu=0.0, sigma^2=100000.0)	0.0845511542113198
*MAP(I/^,[C, S, T, s, t]r'__N) (mu=0.0, sigma^2=100000.0)	2.1684043449710089E-19
*MAP(Y/Pt,b'__) (mu=0.0, sigma^2=100000.0)	0.0
*MAP(/t,__) (mu=0.0, sigma^2=100000.0)	0.3701219310780315
*MAP(e/U,[C, S, T, s, t]'__k) (mu=0.0, sigma^2=100000.0)	12.056467343592645
*MAP(/t,[A, L, P, R, U, X, ^, a, o, u]p__) (mu=0.0, sigma^2=100000.0)	0.3652558480781083
*MAP(/d,[L, O, P, U, W, m, o, u, w]p__) (mu=0.0, sigma^2=100000.0)	0.3701219310780315
*MAP(i/o,[C, D, J, N, S, T, Z, b, d, f, g, h, j, k, l, m, n, p, r, s, t, v, w, z, ~]'__[C, D, J, N, S, T, Z, b, d, f, g, h, k, l, m, n, p, s, t, v, z, ~]) (mu=0.0, sigma^2=100000.0)	65.31279455454748
*MAP(/t,[A, E, L, P, Q, R, X, ^, a, e, o]v__) (mu=0.0, sigma^2=100000.0)	0.3701219310780315
*MAP(I/Q,s'__[C, J, N, b, d, g, k, m, n, p, t, ~]) (mu=0.0, sigma^2=100000.0)	41.710303328351905
*MAP(/,[D, N, S, T, Z, f, h, m, n, s, v, z]'It__) (mu=0.0, sigma^2=100000.0)	46.76804344220656
*MAP(uz/Pst,l'__) (mu=0.0, sigma^2=100000.0)	0.0
*MAP(i/E,[f, m, v]'__[d, t]) (mu=0.0, sigma^2=100000.0)	0.0
*MAP(/,[h, l]'It__) (mu=0.0, sigma^2=100000.0)	45.55706491754884
*MAP(/d,[C, J, S, Z, s, z]__) (mu=0.0, sigma^2=100000.0)	0.3701219310780315
*MAP(e/Ed,s'__) (mu=0.0, sigma^2=100000.0)	0.0
*MAP(e/o,[A, D, E, I, L, O, P, Q, R, S, T, U, W, X, Y, Z, ^, a, e, f, h, i, j, l, o, r, s, u, v, w, z]w'__[C, D, J, N, S, T, Z, b, d, f, g, h, j, k, l, m, n, p, r, s, t, v, w, z, ~]) (mu=0.0, sigma^2=100000.0)	14.151379207093312
*MAP(I/Q,[C, J, b, d, g, k, p, t, ~]'__[d, n, t]) (mu=0.0, sigma^2=100000.0)	67.76589001633778
*MAP(/Xd,'ud__) (mu=0.0, sigma^2=100000.0)	0.3701219310780315
*MAP(g'o/w'Ent,__) (mu=0.0, sigma^2=100000.0)	0.0
*MAP(/Xd,[Q, a]t__) (mu=0.0, sigma^2=100000.0)	0.2957759992975125
*MAP(Y/o,r'__d) (mu=0.0, sigma^2=100000.0)	0.3701219310780315
*MAP(e/u,sl'__) (mu=0.0, sigma^2=100000.0)	0.19889213452874682
*MAP(e/o,w'__k) (mu=0.0, sigma^2=100000.0)	15.109699238951627
*MAP(I/Q,[T, s, t]'__[C, J, N, b, d, g, k, m, n, p, t, ~]) (mu=0.0, sigma^2=100000.0)	16.392343912612386
*MAP(Y/W,'__nd) (mu=0.0, sigma^2=100000.0)	0.3701219310780315
*MAP(/d,Ip__) (mu=0.0, sigma^2=100000.0)	0.3701219310780315
*MAP(I/Q,[C, D, J, S, T, Z, b, d, f, g, k, p, s, t, v, z, ~]'__[d, t]) (mu=0.0, sigma^2=100000.0)	64.67636343279304
*MAP(/d,Qk__) (mu=0.0, sigma^2=100000.0)	0.3701219310780315
*MAP(e/o,w'__r) (mu=0.0, sigma^2=100000.0)	0.3701219310780315
*MAP(i/o,[j, r, w]'__[D, Z, v, z]) (mu=0.0, sigma^2=100000.0)	72.26613685411951
*MAP(/Xd,[R, X, a]t__) (mu=0.0, sigma^2=100000.0)	0.0
*MAP(I/Q,[C, D, J, N, S, T, Z, b, d, f, g, h, j, k, l, m, n, p, r, s, t, v, w, z, ~]'__[N, m, n]) (mu=0.0, sigma^2=100000.0)	67.88313354530638
*MAP(/d,'ud__) (mu=0.0, sigma^2=100000.0)	0.3701219310780315
*MAP(/Xd,[O, W, o]t__) (mu=0.0, sigma^2=100000.0)	0.2842274802493549
*MAP(/Xd,[L, O, P, U, W, b, f, m, o, p, u, v, w]t__) (mu=0.0, sigma^2=100000.0)	14.8207554731715
*MAP(/t,'ud__) (mu=0.0, sigma^2=100000.0)	0.3701219310780315
*MAP(Y/o,r'__[D, J, Z, b, d, g, v, z]) (mu=0.0, sigma^2=100000.0)	16.16131000017926
*MAP(I/Q,[C, D, J, S, T, Z, b, d, f, g, k, p, s, t, v, z, ~]'__[J, N, b, d, g, m, n]) (mu=0.0, sigma^2=100000.0)	15.058641267521985
*MAP(/d,[C, D, J, R, S, T, Z, d, l, n, r, s, t, z]Yz__) (mu=0.0, sigma^2=100000.0)	0.1617994208158354
*MAP(/d,[R, X, a]l__) (mu=0.0, sigma^2=100000.0)	0.0
*MAP(e/o,[C, D, J, N, S, T, Z, b, d, f, g, h, j, k, l, m, n, p, r, s, t, v, w, z, ~]'__r) (mu=0.0, sigma^2=100000.0)	6.3558991750924845
*MAP(Y/o,[C, D, J, N, S, T, Z, b, d, f, g, h, j, k, l, m, n, p, r, s, t, v, w, z, ~]'__[C, D, J, N, S, T, Z, b, d, f, g, k, m, n, p, s, t, v, z, ~]) (mu=0.0, sigma^2=100000.0)	72.37630426383947
*MAP(i/Ed,fl'__) (mu=0.0, sigma^2=100000.0)	1.0587911840678754E-22
*MAP(I/Q,s'__) (mu=0.0, sigma^2=100000.0)	0.3701219310780315
*MAP(/Xd,nt__) (mu=0.0, sigma^2=100000.0)	0.3701219310780315
*MAP(I/^,__[J, N, b, d, g, m, n]) (mu=0.0, sigma^2=100000.0)	27.880970090881583
*MAP(/t,s__) (mu=0.0, sigma^2=100000.0)	0.3701219310780315
*MAP(/d,'em__) (mu=0.0, sigma^2=100000.0)	0.3701219310780315
*MAP(Y/o,'__) (mu=0.0, sigma^2=100000.0)	0.3701219310780315
*MAP(/,Qst__) (mu=0.0, sigma^2=100000.0)	0.6364338383120999
*MAP(I/Q,[C, D, J, S, T, Z, b, d, f, g, k, p, s, t, v, z, ~]'__[N, m, n]) (mu=0.0, sigma^2=100000.0)	62.299258479064044
*MAP(/t,[O, P, U, W, o, u]d__) (mu=0.0, sigma^2=100000.0)	0.3701219310780315
*MAP(i/E,[f, p]'__d) (mu=0.0, sigma^2=100000.0)	51.50354830064208
*MAP(/t,T__) (mu=0.0, sigma^2=100000.0)	0.3701219310780315
*MAP(I/Q,[D, S, T, Z, l, r, s, z]'__N) (mu=0.0, sigma^2=100000.0)	24.982681458993333
*MAP(Y/I,[h, l]'__d) (mu=0.0, sigma^2=100000.0)	51.51846233759696
*MAP(I/Q,[J, b, d, g]'__[d, n]) (mu=0.0, sigma^2=100000.0)	49.748827477352755
*MAP(/d,[R, X]__) (mu=0.0, sigma^2=100000.0)	0.0
*MAP(Y/o,[C, D, J, S, T, Z, d, l, n, r, s, t, z]'__[D, J, N, Z, b, d, g, m, n, v, z]) (mu=0.0, sigma^2=100000.0)	82.3206590274274
*MAP(Y/W,[b, f, p, v]'__nd) (mu=0.0, sigma^2=100000.0)	0.149218573226427
*MAP(/,[A, E, I, L, N, O, P, Q, R, U, W, X, Y, ^, a, e, i, j, l, m, n, o, r, u, w]sEt__) (mu=0.0, sigma^2=100000.0)	0.2475345039211548
*MAP(/Xd,[R, r]d__) (mu=0.0, sigma^2=100000.0)	0.2128584573626373
*MAP(Y/o,[A, D, E, I, J, L, N, O, P, Q, R, U, W, X, Y, Z, ^, a, b, d, e, g, i, j, l, m, n, o, r, u, v, w, z]r'__[C, D, J, S, T, Z, b, d, f, g, k, p, s, t, v, z, ~]) (mu=0.0, sigma^2=100000.0)	77.62869977156097
*MAP(Qn/U,st'__d) (mu=0.0, sigma^2=100000.0)	0.0
*MAP(/d,[Q, a]t__) (mu=0.0, sigma^2=100000.0)	0.3701219310780315
*MAP(/t,[D, T, n, s, z]'id__) (mu=0.0, sigma^2=100000.0)	0.3701219310780315
*MAP(I/Q,[b, m, v, w]'__[J, N, b, d, g, m, n]) (mu=0.0, sigma^2=100000.0)	33.23394920821398
*MAP(/Xd,[R, l, n, r]t__) (mu=0.0, sigma^2=100000.0)	15.194872680311395
*MAP(/,[l, n]'It__) (mu=0.0, sigma^2=100000.0)	0.09341016476882127
*MAP(/t,[O, W, o]t__) (mu=0.0, sigma^2=100000.0)	0.3701219310780315
*MAP(I/Q,s'__N) (mu=0.0, sigma^2=100000.0)	7.537992734820223
*MAP(/d,[O, W]__) (mu=0.0, sigma^2=100000.0)	0.3686425997683749
*MAP(/t,p__) (mu=0.0, sigma^2=100000.0)	0.3701219310780315
*MAP(i/E,[N, l, m, n]'__[d, t]) (mu=0.0, sigma^2=100000.0)	62.288442401424334
*MAP(/d,ok__) (mu=0.0, sigma^2=100000.0)	0.3701219310780315
*MAP(/d,[A, L, P, R, U, W, X, ^, a, o, u]nd__) (mu=0.0, sigma^2=100000.0)	0.3701219310780315
*MAP(/Xd,[C, J, N, b, d, g, k, m, n, p, t, ~]t__) (mu=0.0, sigma^2=100000.0)	0.0
*MAP(/,__) (mu=0.0, sigma^2=100000.0)	0.3701219310780315
*MAP(/d,[J, Z]__) (mu=0.0, sigma^2=100000.0)	0.0
*MAP(i/E,[l, r]'__d) (mu=0.0, sigma^2=100000.0)	49.74054760598195
*MAP(/d,[E, Q, R, X, a, e]n__) (mu=0.0, sigma^2=100000.0)	0.27664815081838956
*MAP(/,[P, R, X, ^, o]st__) (mu=0.0, sigma^2=100000.0)	0.23538499326991985
*MAP(/,[h, j, l, r, w]'It__) (mu=0.0, sigma^2=100000.0)	48.64283189161538
*MAP(/d,p__) (mu=0.0, sigma^2=100000.0)	0.3701219310780315
*MAP(d/t,__) (mu=0.0, sigma^2=100000.0)	0.3701219310780315
*MAP(/,[E, P, ^]t__) (mu=0.0, sigma^2=100000.0)	61.606308086901514
*MAP(/d,[O, W, o]t__) (mu=0.0, sigma^2=100000.0)	0.3701219310780315
*MAP(e/o,'__) (mu=0.0, sigma^2=100000.0)	0.3701219310780315
*MAP(/d,[D, R, S, T, Z, l, r, s, z]k__) (mu=0.0, sigma^2=100000.0)	0.3701219310780315
*MAP(ip/Ept,[j, l, r, w]'__) (mu=0.0, sigma^2=100000.0)	14.61454825252475
*MAP(I/Q,[C, S, T, f, k, p, s, t, ~]'__t) (mu=0.0, sigma^2=100000.0)	61.032501180521216
*MAP(P/u,dr'__) (mu=0.0, sigma^2=100000.0)	0.0
*MAP(/Xd,[A, L, P, R, U, W, X, ^, a, o, u]d__) (mu=0.0, sigma^2=100000.0)	0.29146256921037866
*MAP(/d,[D, S, T, Z, s, z]__) (mu=0.0, sigma^2=100000.0)	71.73714766068808
*MAP(/,k'^t__) (mu=0.0, sigma^2=100000.0)	0.0
*MAP(/t,[R, l, r]v__) (mu=0.0, sigma^2=100000.0)	0.3701219310780315
*MAP(/d,[C, D, J, N, S, T, Z, b, d, f, g, h, j, k, l, m, n, p, r, s, t, v, w, z, ~]o__) (mu=0.0, sigma^2=100000.0)	0.0
*MAP(/t,Qp__) (mu=0.0, sigma^2=100000.0)	0.3701219310780315
*MAP(/d,[D, N, S, T, Z, f, h, j, l, m, n, r, s, v, w, z]p__) (mu=0.0, sigma^2=100000.0)	0.3701219310780315
*MAP(/,[A, E, L, P, Q, R, X, ^, a, e, o]st__) (mu=0.0, sigma^2=100000.0)	17.0601837898483
*MAP(^/e,k'__m) (mu=0.0, sigma^2=100000.0)	50.20047253589933
*MAP(/t,[A, D, E, I, J, L, N, O, P, Q, R, U, W, X, Y, Z, ^, a, b, d, e, g, i, j, l, m, n, o, r, u, v, w, z]It__) (mu=0.0, sigma^2=100000.0)	0.3701219310780315
*MAP(/t,[P, R, U, X, ^, o, u]v__) (mu=0.0, sigma^2=100000.0)	0.3701219310780315
*MAP(/,l'It__) (mu=0.0, sigma^2=100000.0)	0.3701219310780315
*MAP(I/Q,[C, D, J, S, T, Z, b, d, f, g, k, p, s, t, v, z, ~]'__[d, n, t]) (mu=0.0, sigma^2=100000.0)	66.49938226428522
*MAP(^/Q,r'__n) (mu=0.0, sigma^2=100000.0)	0.0
*MAP(/t,t__) (mu=0.0, sigma^2=100000.0)	0.3701219310780315
*MAP(I/Q,[C, J, b, d, g, k, p, t, ~]'__[J, N, b, d, g, m, n]) (mu=0.0, sigma^2=100000.0)	32.805080311644396
*MAP(/d,[A, E, L, P, Q, R, X, ^, a, e, o]v__) (mu=0.0, sigma^2=100000.0)	0.0
*MAP(/d,[E, Q, e]n__) (mu=0.0, sigma^2=100000.0)	0.33610773139717554
*MAP(/d,[R, l, r]v__) (mu=0.0, sigma^2=100000.0)	0.33004424061657606
*MAP(/t,[m, w]'El__) (mu=0.0, sigma^2=100000.0)	15.693774142441702
*MAP(i/E,[b, f, m, p, v]'__[d, t]) (mu=0.0, sigma^2=100000.0)	63.534598534743566
*MAP(i/P,s'__) (mu=0.0, sigma^2=100000.0)	0.0
*MAP(/d,[C, D, J, R, S, T, Z, d, l, n, r, s, t, z]__) (mu=0.0, sigma^2=100000.0)	0.3701219310780315
*MAP(ir/Rd,h'__) (mu=0.0, sigma^2=100000.0)	0.0
*MAP(I/Q,[C, D, J, S, T, Z, d, s, t, z]r'__Nk) (mu=0.0, sigma^2=100000.0)	0.0
*MAP(I/^,st'__[N, g, k]) (mu=0.0, sigma^2=100000.0)	12.453700572124824
*MAP(i/E,__d) (mu=0.0, sigma^2=100000.0)	62.5946489115613
*MAP(/,'It__) (mu=0.0, sigma^2=100000.0)	0.3701219310780315
*MAP(I/Q,[D, J, N, Z, b, d, g, j, l, m, n, r, v, w, z]'__[J, N, b, d, g, m, n]) (mu=0.0, sigma^2=100000.0)	33.20539276278516
*MAP(e/U,t'__k) (mu=0.0, sigma^2=100000.0)	0.3701219310780315
*MAP(/Xd,[A, D, E, I, J, L, N, O, P, Q, R, U, W, X, Y, Z, ^, a, b, d, e, g, i, j, l, m, n, o, r, u, v, w, z]It__) (mu=0.0, sigma^2=100000.0)	0.35294631859607334
*MAP(/Xd,[A, L, P, R, U, W, X, ^, a, o, u]nd__) (mu=0.0, sigma^2=100000.0)	0.27888772115292754
*MAP(Y/o,[D, J, Z, d, l, n, r, z]'__[C, D, J, S, T, Z, b, d, f, g, k, p, s, t, v, z, ~]) (mu=0.0, sigma^2=100000.0)	62.09172630227381
*MAP(d/t,[D, S, T, Z, l, r, s, z]'En__) (mu=0.0, sigma^2=100000.0)	0.0
*MAP(Y/o,[C, D, J, S, T, Z, d, s, t, z]'__[D, N, Z, m, n, v, z]) (mu=0.0, sigma^2=100000.0)	82.87575965928887
*MAP(/t,[S, T, f, s]__) (mu=0.0, sigma^2=100000.0)	0.0
*MAP(i/o,w'__v) (mu=0.0, sigma^2=100000.0)	0.13049731573269102
*MAP(/t,[C, D, J, N, S, T, Z, b, d, f, g, h, j, k, l, m, n, p, r, s, t, v, w, z, ~]t__) (mu=0.0, sigma^2=100000.0)	0.3701219310780315
*MAP(/Xd,[l, n, r]t__) (mu=0.0, sigma^2=100000.0)	0.0
*MAP(/,Et__) (mu=0.0, sigma^2=100000.0)	0.3701219310780315
*MAP(/,[P, ^]st__) (mu=0.0, sigma^2=100000.0)	0.674214431451254
*MAP(I/^,[D, J, N, Z, b, d, g, j, l, m, n, r, v, w, z]'__[J, N, b, d, g, m, n]) (mu=0.0, sigma^2=100000.0)	62.32760990398477
*MAP(/d,'e__) (mu=0.0, sigma^2=100000.0)	0.3701219310780315
*MAP(I/Q,[b, p]'__[d, t]) (mu=0.0, sigma^2=100000.0)	47.77687293272337
*MAP(e/U,[A, E, I, L, O, P, Q, R, U, W, X, Y, ^, a, e, i, j, o, r, u, w]t'__k) (mu=0.0, sigma^2=100000.0)	0.0
*MAP(/,[C, S, T, f, k, p, s, t, ~]'^t__) (mu=0.0, sigma^2=100000.0)	46.600216099307836
*MAP(/d,[R, l, r]m__) (mu=0.0, sigma^2=100000.0)	0.313294962679815
*MAP(I/Q,'__Nk) (mu=0.0, sigma^2=100000.0)	0.3701219310780315
*MAP(I/^,__[N, g, k]) (mu=0.0, sigma^2=100000.0)	85.23038361800378
*MAP(I/Q,[C, D, J, S, T, Z, d, l, n, r, s, t, z]'__N) (mu=0.0, sigma^2=100000.0)	12.170869504074345
*MAP(E/a,g'__t) (mu=0.0, sigma^2=100000.0)	0.0
*MAP(/t,[J, Z]__) (mu=0.0, sigma^2=100000.0)	0.3701219310780315
*MAP(Y/o,[N, j, l, m, n, r, w]'__[C, D, J, S, T, Z, b, d, f, g, k, p, s, t, v, z, ~]) (mu=0.0, sigma^2=100000.0)	32.12202664322167
*MAP(I/^,[S, T, f, s]l'__N) (mu=0.0, sigma^2=100000.0)	0.04677591709599994
*MAP(/d,[C, D, J, N, S, T, Z, b, d, f, g, h, k, l, m, n, p, s, t, v, z, ~]__) (mu=0.0, sigma^2=100000.0)	41.191612330779805
*MAP(/d,[C, D, J, N, S, T, Z, b, d, f, g, h, j, k, l, m, n, p, r, s, t, v, w, z, ~]It__) (mu=0.0, sigma^2=100000.0)	0.3701219310780315
*MAP(I/Q,[T, s, t]'__N) (mu=0.0, sigma^2=100000.0)	46.200614114642114
*MAP(/d,J__) (mu=0.0, sigma^2=100000.0)	0.3701219310780315
*MAP(/t,[C, J, S, Z, s, z]__) (mu=0.0, sigma^2=100000.0)	15.287553005483737
*MAP(im/Emt,dr'__) (mu=0.0, sigma^2=100000.0)	0.0
*MAP(/Xd,[O, P, U, W, o, u]d__) (mu=0.0, sigma^2=100000.0)	0.3588588548242187
*MAP(I/^,[j, l, r, w]'__N) (mu=0.0, sigma^2=100000.0)	37.61012294636935
*MAP(I/^,[D, J, N, Z, b, d, g, j, l, m, n, r, v, w, z]'__[N, g]) (mu=0.0, sigma^2=100000.0)	14.025349175243436
*MAP(/t,S__) (mu=0.0, sigma^2=100000.0)	0.3701219310780315
*MAP(I/^,w'__) (mu=0.0, sigma^2=100000.0)	0.3701219310780315
*MAP(/d,[A, L, P, R, U, W, X, ^, a, o, u]d__) (mu=0.0, sigma^2=100000.0)	0.3701219310780315
*MAP(i/o,[C, D, J, N, S, T, Z, b, d, f, g, h, j, k, l, m, n, p, r, s, t, v, w, z, ~]'__[D, Z, l, v, z]) (mu=0.0, sigma^2=100000.0)	78.99502135525935
*MAP(Y/o,[D, J, Z, d, l, n, r, z]'__v) (mu=0.0, sigma^2=100000.0)	72.37630426391205
*MAP(I/Q,[C, D, J, N, S, T, Z, b, d, f, g, h, j, k, l, m, n, p, r, s, t, v, w, z, ~]'__[J, N, b, d, g, m, n]) (mu=0.0, sigma^2=100000.0)	13.904585450523651
*MAP(INk/Pt,T'__) (mu=0.0, sigma^2=100000.0)	0.0
*MAP(i/E,l'__d) (mu=0.0, sigma^2=100000.0)	0.3701219310780315
*MAP(I/^,r'__N) (mu=0.0, sigma^2=100000.0)	0.3701219310780315
*MAP(/Xd,t__) (mu=0.0, sigma^2=100000.0)	49.33600259723911
*MAP(Y/P,f'__t) (mu=0.0, sigma^2=100000.0)	0.0
*MAP(/,[E, I, P, U, ^]t__) (mu=0.0, sigma^2=100000.0)	60.10279025147401
*MAP(Y/I,__d) (mu=0.0, sigma^2=100000.0)	53.66097458054375
*MAP(I/^,[j, r, w]'__N) (mu=0.0, sigma^2=100000.0)	31.08247016520558
*MAP(Y/I,'__) (mu=0.0, sigma^2=100000.0)	0.3701219310780315
*MAP(Y/o,r'__) (mu=0.0, sigma^2=100000.0)	0.3701219310780315
*MAP(I/^,[C, k, p, t, ~]'__[N, m, n]) (mu=0.0, sigma^2=100000.0)	32.80508030744091
*MAP(/t,v__) (mu=0.0, sigma^2=100000.0)	0.3701219310780315
*MAP(I/^,[C, D, J, N, S, T, Z, b, d, f, g, h, j, k, l, m, n, p, r, s, t, v, w, z, ~]'__[N, g]) (mu=0.0, sigma^2=100000.0)	14.498370690320264
*MAP(/d,[D, N, S, T, Z, f, h, j, l, m, n, r, s, v, w, z]'u__) (mu=0.0, sigma^2=100000.0)	0.364496640725771
*MAP(il/Elt,[D, N, S, T, Z, f, m, n, s, v, z]'__) (mu=0.0, sigma^2=100000.0)	11.518451299133531
*MAP(e/o,w'__[C, D, J, N, S, T, Z, b, d, f, g, h, j, k, l, m, n, p, r, s, t, v, w, z, ~]) (mu=0.0, sigma^2=100000.0)	15.51910115582521
*MAP(/t,[D, N, S, T, Z, f, h, j, l, m, n, r, s, v, w, z]p__) (mu=0.0, sigma^2=100000.0)	0.33185867188502255
*MAP(/t,[E, I, P, U, ^, a]k__) (mu=0.0, sigma^2=100000.0)	25.01648990300869
*MAP(/d,[E, I, R, X, e, i]__) (mu=0.0, sigma^2=100000.0)	18.442857174457664
*MAP(I/^,[C, D, J, N, S, T, Z, b, d, f, g, h, k, l, m, n, p, s, t, v, z, ~]'__[C, J, N, b, d, g, k, m, n, p, t, ~]) (mu=0.0, sigma^2=100000.0)	64.4514075576421
*MAP(/d,[b, m, p]__) (mu=0.0, sigma^2=100000.0)	0.3701219310780315
*MAP(/Xd,t'End__) (mu=0.0, sigma^2=100000.0)	0.046991543337818076
*MAP(/t,[C, D, J, N, S, T, Z, b, d, f, g, h, j, k, l, m, n, p, r, s, t, v, w, z, ~]Yz__) (mu=0.0, sigma^2=100000.0)	0.3701219310780315
*MAP(I/^,[D, T, d, l, n, s, t, z]'__[N, g, k]) (mu=0.0, sigma^2=100000.0)	38.55411098281818
*MAP(Y/o,[S, Z, r]'__[C, D, J, N, S, T, Z, b, d, f, g, k, m, n, p, s, t, v, z, ~]) (mu=0.0, sigma^2=100000.0)	11.336208293174243
*MAP(/,[I, U, i, u]t__) (mu=0.0, sigma^2=100000.0)	50.84624779773604
*MAP(d/t,[b, p]'En__) (mu=0.0, sigma^2=100000.0)	13.61049661871149
*MAP(E/a,[D, J, N, Z, b, d, g, j, l, m, n, r, v, w, z]'__[d, t]) (mu=0.0, sigma^2=100000.0)	52.25929977414949
*MAP(Y/o,[N, j, l, m, n, r, w]'__[D, T, d, s, t, z]) (mu=0.0, sigma^2=100000.0)	81.8159649247965
*MAP(iC/Pt,[T, s, t]'__) (mu=0.0, sigma^2=100000.0)	0.0
*MAP(/t,[L, O, P, U, W, m, o, u, w]p__) (mu=0.0, sigma^2=100000.0)	0.2303858678579406
*MAP(I/^,[C, S, T, f, k, p, s, t, ~]r'__N) (mu=0.0, sigma^2=100000.0)	13.644517299729223
*MAP(/,[D, N, S, T, Z, f, h, j, l, m, n, r, s, v, w, z]'It__) (mu=0.0, sigma^2=100000.0)	64.4073335799299
*MAP(/t,'ark__) (mu=0.0, sigma^2=100000.0)	0.3701219310780315
*MAP(/t,[D, R, S, T, Z, l, r, s, z]k__) (mu=0.0, sigma^2=100000.0)	0.2796610194101364
*MAP(/d,[O, W, Y, e, i, o, u]m__) (mu=0.0, sigma^2=100000.0)	14.323657821857815
*MAP(/d,__) (mu=0.0, sigma^2=100000.0)	0.3701219310780315
*MAP(I/Q,[b, f, m, p, v, w]'__[C, J, N, b, d, g, k, m, n, p, t, ~]) (mu=0.0, sigma^2=100000.0)	64.43114182452533
*MAP(/t,[b, f, m, p, v, w]'El__) (mu=0.0, sigma^2=100000.0)	16.949495458794182
*MAP(Y/W,[j, r, w]'__nd) (mu=0.0, sigma^2=100000.0)	0.08048523814799863
*MAP(I/^,[C, D, J, N, S, T, Z, b, d, f, g, h, j, k, l, m, n, p, r, s, t, v, w, z, ~]'__[N, m, n]) (mu=0.0, sigma^2=100000.0)	68.60110960410411
*MAP(Y/u,fl'__) (mu=0.0, sigma^2=100000.0)	0.0
*MAP(d/t,[C, D, J, S, T, Z, b, d, f, g, k, p, s, t, v, z, ~]'En__) (mu=0.0, sigma^2=100000.0)	29.333644353730104
*MAP(/d,Qp__) (mu=0.0, sigma^2=100000.0)	0.3701219310780315
*MAP(Y/I,[h, l]'__[d, t]) (mu=0.0, sigma^2=100000.0)	48.891390727133974
*MAP(I/^,'__n) (mu=0.0, sigma^2=100000.0)	0.3701219310780315
*MAP(/Xd,[D, N, S, T, Z, f, h, j, l, m, n, r, s, v, w, z]'Qnd__) (mu=0.0, sigma^2=100000.0)	0.303339110456194
*MAP(Q/^,h'__N) (mu=0.0, sigma^2=100000.0)	0.21498087372173832
*MAP(I/^,[l, r]'__N) (mu=0.0, sigma^2=100000.0)	27.589709056559048
*MAP(/t,[C, D, J, S, T, Z, b, d, f, g, k, p, s, t, v, z, ~]__) (mu=0.0, sigma^2=100000.0)	18.743526971932223
*MAP(/d,nt__) (mu=0.0, sigma^2=100000.0)	0.3701219310780315
*MAP(/t,'QNk__) (mu=0.0, sigma^2=100000.0)	0.3701219310780315
*MAP(/d,[C, J, N, b, d, g, k, m, n, p, t, ~]t__) (mu=0.0, sigma^2=100000.0)	0.3701219310780315
*MAP(/,[C, D, J, N, S, T, Z, b, d, f, g, h, j, k, l, m, n, p, r, s, t, v, w, z, ~]'Et__) (mu=0.0, sigma^2=100000.0)	47.21111656579846
*MAP(/Xd,[C, D, J, S, T, Z, b, d, f, g, k, p, s, t, v, z, ~]'Yd__) (mu=0.0, sigma^2=100000.0)	0.0
*MAP(I/Q,[N, g, j, w]'__[N, m, n]) (mu=0.0, sigma^2=100000.0)	46.505268280507764
*MAP(Y/o,str'__[D, J, Z, b, d, g, v, z]) (mu=0.0, sigma^2=100000.0)	0.1379070015517304
*MAP(/d,m__) (mu=0.0, sigma^2=100000.0)	0.3701219310780315
*MAP(o/u,[l, n, r]'__) (mu=0.0, sigma^2=100000.0)	13.9132824284796
*MAP(I/^,[C, D, J, S, T, Z, d, l, n, r, s, t, z]'__N) (mu=0.0, sigma^2=100000.0)	12.170869504074345
*MAP(/d,Ist__) (mu=0.0, sigma^2=100000.0)	0.3701219310780315
*MAP(/t,[b, p]__) (mu=0.0, sigma^2=100000.0)	16.402028970696836
*MAP(/d,[l, n, r]t__) (mu=0.0, sigma^2=100000.0)	0.3701219310780315
*MAP(/d,[e, i, o, u]n__) (mu=0.0, sigma^2=100000.0)	17.443180449784293
*MAP(/Xd,[e, o]d__) (mu=0.0, sigma^2=100000.0)	0.0
*MAP(/t,b__) (mu=0.0, sigma^2=100000.0)	0.3701219310780315
*MAP(/Xd,[e, o]t__) (mu=0.0, sigma^2=100000.0)	0.0
*MAP(/t,Ist__) (mu=0.0, sigma^2=100000.0)	0.3701219310780315
*MAP(/,[A, D, E, I, L, O, P, Q, R, S, T, U, W, X, Y, Z, ^, a, e, f, h, i, j, l, o, r, s, u, v, w, z]t__) (mu=0.0, sigma^2=100000.0)	63.944522543230434
*MAP(iv/Eft,l'__) (mu=0.0, sigma^2=100000.0)	0.0
*MAP(El/old,[T, s, t]'__) (mu=0.0, sigma^2=100000.0)	11.490685991878253
*MAP(u/a,S'__t) (mu=0.0, sigma^2=100000.0)	0.0
*MAP(o/u,r'__) (mu=0.0, sigma^2=100000.0)	0.3701219310780315
*MAP(/d,[e, o]t__) (mu=0.0, sigma^2=100000.0)	0.3701219310780315
*MAP(/Xd,d__) (mu=0.0, sigma^2=100000.0)	0.3701219310780315
*MAP(I/e,[J, b, d, g]'__[D, J, Z, b, d, g, v, z]) (mu=0.0, sigma^2=100000.0)	49.933050444028865
*MAP(/Xd,[d, t]__) (mu=0.0, sigma^2=100000.0)	52.61568842188746
*MAP(Y/o,[D, J, N, Z, b, d, g, j, l, m, n, r, v, w, z]'__[C, D, J, S, T, Z, b, d, f, g, k, p, s, t, v, z, ~]) (mu=0.0, sigma^2=100000.0)	85.47722140378242
*MAP(Y/o,[S, Z, r]'__[D, d, n, z]) (mu=0.0, sigma^2=100000.0)	84.44162173525929
*MAP(i/E,__[d, t]) (mu=0.0, sigma^2=100000.0)	63.877142410342046
*MAP(e/o,[j, r, w]'__k) (mu=0.0, sigma^2=100000.0)	15.499469227570426
*MAP(Y/I,[D, J, N, Z, b, d, g, l, m, n, v, z]'__[d, t]) (mu=0.0, sigma^2=100000.0)	63.30998776184539
*MAP(d/t,[C, D, J, N, S, T, Z, b, d, f, g, h, k, l, m, n, p, s, t, v, z, ~]'En__) (mu=0.0, sigma^2=100000.0)	64.26297764676828
*MAP(/Xd,__) (mu=0.0, sigma^2=100000.0)	0.3701219310780315
*MAP(d/t,[l, n]__) (mu=0.0, sigma^2=100000.0)	68.07037148266564
*MAP(i/E,[D, T, d, l, n, s, t, z]f__d) (mu=0.0, sigma^2=100000.0)	0.22657936291409156
*MAP(Y/I,[C, D, J, N, S, T, Z, b, d, f, g, h, k, l, m, n, p, s, t, v, z, ~]'__[d, t]) (mu=0.0, sigma^2=100000.0)	62.14013744446033
*MAP(i/o,st'__l) (mu=0.0, sigma^2=100000.0)	12.409846361966872
*MAP(/t,[E, I, P, U, ^, a]p__) (mu=0.0, sigma^2=100000.0)	0.0
*MAP(/t,[C, D, J, N, S, T, Z, b, d, f, g, h, k, l, m, n, p, s, t, v, z, ~]__) (mu=0.0, sigma^2=100000.0)	69.85617708371007
*MAP(/t,[b, f, p, v]__) (mu=0.0, sigma^2=100000.0)	0.3701219310780315
*MAP(/d,[E, O, Q, R, X, Y, a, e]m__) (mu=0.0, sigma^2=100000.0)	0.0
*MAP(I/^,__[N, g]) (mu=0.0, sigma^2=100000.0)	61.68182472248565
*MAP(/d,g__) (mu=0.0, sigma^2=100000.0)	0.3701219310780315
*MAP(/d,l__) (mu=0.0, sigma^2=100000.0)	0.3701219310780315
*MAP(/t,[e, o]d__) (mu=0.0, sigma^2=100000.0)	0.3701219310780315
*MAP(Y/I,__[d, t]) (mu=0.0, sigma^2=100000.0)	61.47831954208553
*MAP(/d,b__) (mu=0.0, sigma^2=100000.0)	0.3701219310780315
*MAP(/t,Qk__) (mu=0.0, sigma^2=100000.0)	0.3701219310780315
*MAP(I/Q,[T, s, t]'__Nk) (mu=0.0, sigma^2=100000.0)	12.455725434889283
*MAP(I/^,__N) (mu=0.0, sigma^2=100000.0)	41.19150395215508
*MAP(ip/Ept,[N, g, j, k, w]'__) (mu=0.0, sigma^2=100000.0)	0.0
*MAP(/d,[R, l, n, r]t__) (mu=0.0, sigma^2=100000.0)	0.3701219310780315
*MAP(/d,[E, O, R, X, Y, e]__) (mu=0.0, sigma^2=100000.0)	16.328541087156626
*MAP(/d,[O, W, Y, e, o]m__) (mu=0.0, sigma^2=100000.0)	0.36690428641763134
*MAP(I/^,[C, D, J, N, S, T, Z, b, d, f, g, h, j, k, l, m, n, p, r, s, t, v, w, z, ~]'__[N, g, k]) (mu=0.0, sigma^2=100000.0)	40.46407256873622
*MAP(/d,[A, L, P, R, U, X, ^, a, o, u]k__) (mu=0.0, sigma^2=100000.0)	0.3701219310780315
*MAP(/,d__) (mu=0.0, sigma^2=100000.0)	0.3701219310780315
*MAP(/,[D, S, T, Z, f, h, j, l, r, s, v, w, z]'Et__) (mu=0.0, sigma^2=100000.0)	51.52300504107145
*MAP(/t,'ak__) (mu=0.0, sigma^2=100000.0)	0.3701219310780315
*MAP(/t,[D, T, d, l, n, s, t, z]__) (mu=0.0, sigma^2=100000.0)	71.2261195528326
*MAP(/t,Ip__) (mu=0.0, sigma^2=100000.0)	0.3701219310780315
*MAP(I/^,[C, D, J, S, T, Z, d, l, n, r, s, t, z]'__[N, g, k]) (mu=0.0, sigma^2=100000.0)	37.1203680548965
*MAP(/t,[E, I, O, Y, e, i]st__) (mu=0.0, sigma^2=100000.0)	0.3701219310780315
*MAP(d/t,[D, J, N, Z, b, d, g, j, l, m, n, r, v, w, z]'En__) (mu=0.0, sigma^2=100000.0)	13.35206766861816
*MAP(i/o,[b, f, m, p, v, w]'__[C, D, J, S, T, Z, b, d, f, g, k, p, s, t, v, z, ~]) (mu=0.0, sigma^2=100000.0)	82.39387804886393
*MAP(Y/o,[C, D, J, R, S, T, Z, d, l, n, r, s, t, z]r'__[D, J, Z, b, d, g, v, z]) (mu=0.0, sigma^2=100000.0)	74.9941043097852
*MAP(QC/Pt,k'__) (mu=0.0, sigma^2=100000.0)	0.0
*MAP(I/Q,[C, S, T, f, k, p, s, t, ~]'__[C, J, N, b, d, g, k, m, n, p, t, ~]) (mu=0.0, sigma^2=100000.0)	35.26895948254508
*MAP(ip/Ept,'__) (mu=0.0, sigma^2=100000.0)	0.3701219310780315
*MAP(/d,[C, D, J, N, S, T, Z, b, d, f, g, h, j, k, l, m, n, p, r, s, t, v, w, z, ~]t__) (mu=0.0, sigma^2=100000.0)	0.3701219310780315
*MAP(/d,[A, D, E, I, J, L, N, O, P, Q, R, U, W, X, Y, Z, ^, a, b, d, e, g, i, j, l, m, n, o, r, u, v, w, z]o__) (mu=0.0, sigma^2=100000.0)	0.3701219310780315
*MAP(Y/o,[N, j, l, m, n, r, w]'__t) (mu=0.0, sigma^2=100000.0)	51.542160847760655
*MAP(/Xd,[D, T, n, s, z]'id__) (mu=0.0, sigma^2=100000.0)	0.08105048026205058
*MAP(/t,r'ik__) (mu=0.0, sigma^2=100000.0)	0.3701219310780315
*MAP(/t,[E, I, O, Y, e, i]l__) (mu=0.0, sigma^2=100000.0)	30.972559793073422
*MAP(Y/o,[C, D, J, R, S, T, Z, d, l, n, r, s, t, z]r'__[d, t]) (mu=0.0, sigma^2=100000.0)	0.11314421974118863
*MAP(Y/o,[C, D, J, N, S, T, Z, b, d, f, g, k, m, n, p, s, t, v, z, ~]'__[C, D, J, N, S, T, Z, b, d, f, g, k, m, n, p, s, t, v, z, ~]) (mu=0.0, sigma^2=100000.0)	83.68665939847936
*MAP(I/^,[j, r, w]'__[N, m, n]) (mu=0.0, sigma^2=100000.0)	25.1836825271091
*MAP(I/^,[C, D, J, N, S, T, Z, b, d, f, g, h, j, k, l, m, n, p, r, s, t, v, w, z, ~]'__N) (mu=0.0, sigma^2=100000.0)	13.898427744165232
*MAP(/t,[D, J, N, Z, b, d, g, l, m, n, v, z]'Rn__) (mu=0.0, sigma^2=100000.0)	0.27664809901490167
*MAP(IN/Pt,br'__) (mu=0.0, sigma^2=100000.0)	0.0
*MAP(Y/o,r'__[d, t]) (mu=0.0, sigma^2=100000.0)	44.127039819730015
*MAP(I/Q,'__) (mu=0.0, sigma^2=100000.0)	0.3701219310780315
*MAP(/,[P, U, ^]t__) (mu=0.0, sigma^2=100000.0)	9.338309484249306
*MAP(/,[S, Z, r]'Ed__) (mu=0.0, sigma^2=100000.0)	49.706317801949034
*MAP(/t,[R, l, n, r]t__) (mu=0.0, sigma^2=100000.0)	0.3701219310780315
*MAP(Y/o,'__v) (mu=0.0, sigma^2=100000.0)	0.3701219310780315
*MAP(/t,[E, O, Y, e]l__) (mu=0.0, sigma^2=100000.0)	17.82543863213313
*MAP(/t,z__) (mu=0.0, sigma^2=100000.0)	0.3701219310780315
*MAP(/Xd,[E, I, O, Y, e, i]st__) (mu=0.0, sigma^2=100000.0)	0.0
*MAP(/d,[C, D, J, R, S, T, Z, d, l, n, r, s, t, z]i__) (mu=0.0, sigma^2=100000.0)	0.3701219310780315
*MAP(/t,ok__) (mu=0.0, sigma^2=100000.0)	0.3701219310780315
*MAP(/d,[b, m]__) (mu=0.0, sigma^2=100000.0)	56.36107930195349
*MAP(Y/o,[C, D, J, R, S, T, Z, d, l, n, r, s, t, z]r'__[C, D, J, S, T, Z, b, d, f, g, k, p, s, t, v, z, ~]) (mu=0.0, sigma^2=100000.0)	15.668527599131984
*MAP(/t,'Uk__) (mu=0.0, sigma^2=100000.0)	0.3701219310780315
*MAP(I/^,[d, t]'__[N, g, k]) (mu=0.0, sigma^2=100000.0)	37.363078235927574
*MAP(o/u,[C, D, J, S, T, Z, b, d, f, g, k, p, s, t, v, z, ~]r'__) (mu=0.0, sigma^2=100000.0)	11.875409831443761
*MAP(I/^,w'__[N, m, n]) (mu=0.0, sigma^2=100000.0)	45.31121888494427
*MAP(I/^,[b, f, m, p, v, w]'__n) (mu=0.0, sigma^2=100000.0)	54.63197343532476
*MAP(/Xd,[D, N, S, T, Z, f, h, m, n, s, v, z]'id__) (mu=0.0, sigma^2=100000.0)	14.877349414656843
*MAP(Y/o,[D, N, S, T, Z, f, h, j, l, m, n, r, s, v, w, z]'__[d, n, t]) (mu=0.0, sigma^2=100000.0)	67.04161385081072
*MAP(I/Q,r'__Nk) (mu=0.0, sigma^2=100000.0)	0.3701219310780315
*MAP(/d,[O, P, U, W, o, u]n__) (mu=0.0, sigma^2=100000.0)	0.3304318269416419
*MAP(ip/Ept,[C, D, J, N, S, T, Z, b, d, f, g, h, j, k, l, m, n, p, r, s, t, v, w, z, ~]'__) (mu=0.0, sigma^2=100000.0)	29.48683644912576
*MAP(I/Q,[D, J, N, Z, b, d, g, j, l, m, n, r, v, w, z]'__[N, m, n]) (mu=0.0, sigma^2=100000.0)	67.23541146879859
*MAP(I/Q,'__N) (mu=0.0, sigma^2=100000.0)	0.3701219310780315
*MAP(o/u,'__) (mu=0.0, sigma^2=100000.0)	0.3701219310780315
*MAP(d/t,[C, D, J, N, S, T, Z, b, d, f, g, h, j, k, l, m, n, p, r, s, t, v, w, z, ~]'En__) (mu=0.0, sigma^2=100000.0)	62.931051391910245
*MAP(/d,Xn__) (mu=0.0, sigma^2=100000.0)	0.0
*MAP(/d,[E, I, P, U, ^, a]k__) (mu=0.0, sigma^2=100000.0)	0.3701219310780315
*MAP(/d,S__) (mu=0.0, sigma^2=100000.0)	0.3701219310780315
*MAP(/d,[b, f, p, v]__) (mu=0.0, sigma^2=100000.0)	63.13039116326055
*MAP(/Xd,[A, E, L, P, Q, R, X, ^, a, e, o]d__) (mu=0.0, sigma^2=100000.0)	51.27328499219683
*MAP(P/E,f'__l) (mu=0.0, sigma^2=100000.0)	0.0
*MAP(/d,s__) (mu=0.0, sigma^2=100000.0)	0.3701219310780315
*MAP(/Xd,Rd__) (mu=0.0, sigma^2=100000.0)	0.3701219310780315
*MAP(e/o,[C, D, J, N, S, T, Z, b, d, f, g, h, j, k, l, m, n, p, r, s, t, v, w, z, ~]'__[C, D, J, N, S, T, Z, b, d, f, g, h, j, k, l, m, n, p, r, s, t, v, w, z, ~]) (mu=0.0, sigma^2=100000.0)	84.84590214788227
*MAP(I/^,st'__) (mu=0.0, sigma^2=100000.0)	0.3701219310780315
*MAP(/d,[A, E, L, O, P, Q, R, W, X, Y, ^, a, e, o]p__) (mu=0.0, sigma^2=100000.0)	0.3701219310780315
*MAP(/d,[S, T, f, s]__) (mu=0.0, sigma^2=100000.0)	0.3701219310780315
*MAP(i/o,sp'__k) (mu=0.0, sigma^2=100000.0)	0.0
*MAP(El/old,'__) (mu=0.0, sigma^2=100000.0)	0.3701219310780315
*MAP(i/o,'__) (mu=0.0, sigma^2=100000.0)	0.3701219310780315
*MAP(I/^,__[N, m, n]) (mu=0.0, sigma^2=100000.0)	85.20361359331642
*MAP(/d,[e, o]d__) (mu=0.0, sigma^2=100000.0)	0.3701219310780315
*MAP(/t,[A, E, L, P, Q, R, X, ^, a, e, o]g__) (mu=0.0, sigma^2=100000.0)	0.3701219310780315
*MAP(I/^,'__) (mu=0.0, sigma^2=100000.0)	0.3701219310780315
*MAP(i/E,r'__d) (mu=0.0, sigma^2=100000.0)	0.0
*MAP(Y/o,[S, Z, r]'__[d, n, t]) (mu=0.0, sigma^2=100000.0)	52.88732262240604
*MAP(/d,[A, E, L, P, Q, R, X, ^, a, e, o]g__) (mu=0.0, sigma^2=100000.0)	0.0
*MAP(I/^,[D, d, l, n, z]'__[N, g]) (mu=0.0, sigma^2=100000.0)	10.296692961721224
*MAP(/d,f__) (mu=0.0, sigma^2=100000.0)	0.3701219310780315
*MAP(u/Id,[C, D, J, R, S, T, Z, d, l, n, r, s, t, z]d'__) (mu=0.0, sigma^2=100000.0)	0.0
*MAP(/t,[R, r]d__) (mu=0.0, sigma^2=100000.0)	0.3701219310780315
*MAP(/t,d__) (mu=0.0, sigma^2=100000.0)	0.3701219310780315
*MAP(I/Q,[D, S, T, Z, l, r, s, z]'__[C, J, N, b, d, g, k, m, n, p, t, ~]) (mu=0.0, sigma^2=100000.0)	66.12557915651084
*MAP(I/Q,[C, D, J, S, T, Z, b, d, f, g, k, p, s, t, v, z, ~]'__[C, J, N, b, d, g, k, m, n, p, t, ~]) (mu=0.0, sigma^2=100000.0)	40.503812166627114
*MAP(/d,[E, I, O, Y, e, i]st__) (mu=0.0, sigma^2=100000.0)	0.3701219310780315
*MAP(Y/W,[b, f, m, p, v, w]'__nd) (mu=0.0, sigma^2=100000.0)	66.93660164080745
*MAP(/,[d, t]__) (mu=0.0, sigma^2=100000.0)	68.3335968485069
*MAP(Y/o,[C, D, J, S, T, Z, d, l, n, r, s, t, z]'__[C, D, J, N, S, T, Z, b, d, f, g, k, m, n, p, s, t, v, z, ~]) (mu=0.0, sigma^2=100000.0)	59.9739399348271
*MAP(/t,'ap__) (mu=0.0, sigma^2=100000.0)	0.3701219310780315
*MAP(/d,[A, D, E, I, J, L, N, O, P, Q, R, U, W, X, Y, Z, ^, a, b, d, e, g, i, j, l, m, n, o, r, u, v, w, z]It__) (mu=0.0, sigma^2=100000.0)	0.3701219310780315
*MAP(i/^,sn'__k) (mu=0.0, sigma^2=100000.0)	0.0
*MAP(il/Elt,[d, n]'__) (mu=0.0, sigma^2=100000.0)	13.661332074695792
*MAP(/Xd,[f, m, v]'End__) (mu=0.0, sigma^2=100000.0)	0.0
*MAP(/t,g__) (mu=0.0, sigma^2=100000.0)	0.3701219310780315
*MAP(/Xd,[C, D, J, N, S, T, Z, b, d, f, g, h, j, k, l, m, n, p, r, s, t, v, w, z, ~]t__) (mu=0.0, sigma^2=100000.0)	0.0
*MAP(/t,[C, D, J, R, S, T, Z, d, l, n, r, s, t, z]Yz__) (mu=0.0, sigma^2=100000.0)	0.3701219310780315
*MAP(I/^,[D, T, d, l, n, s, t, z]'__N) (mu=0.0, sigma^2=100000.0)	22.08043524248384
*MAP(/,st__) (mu=0.0, sigma^2=100000.0)	0.3701219310780315
*MAP(I/^,[C, S, T, f, k, p, s, t, ~]l'__N) (mu=0.0, sigma^2=100000.0)	29.63988670429782
*MAP(e/o,[C, J, b, d, g, k, p, t, ~]'__r) (mu=0.0, sigma^2=100000.0)	20.999773926764195
*MAP(/t,[E, P, ^, a]k__) (mu=0.0, sigma^2=100000.0)	0.35104597774509977
*MAP(I/e,'__) (mu=0.0, sigma^2=100000.0)	0.3701219310780315
*MAP(u/Id,[A, E, I, L, N, O, P, Q, R, U, W, X, Y, ^, a, e, i, j, l, m, n, o, r, u, w]d'__) (mu=0.0, sigma^2=100000.0)	0.19948609556782962
*MAP(ik/Pt,s'__) (mu=0.0, sigma^2=100000.0)	0.0
*MAP(I/^,[C, J, b, d, g, k, p, t, ~]'__[J, N, b, d, g, m, n]) (mu=0.0, sigma^2=100000.0)	13.221534383397763
*MAP(I/Q,[C, D, J, S, T, Z, d, l, n, r, s, t, z]'__Nk) (mu=0.0, sigma^2=100000.0)	32.995322990866946
*MAP(/t,[Q, a]t__) (mu=0.0, sigma^2=100000.0)	0.3701219310780315
*MAP(/,[P, R, X, ^, o]t__) (mu=0.0, sigma^2=100000.0)	16.176117404477562
*MAP(I/^,[C, k, p, t, ~]'__[C, J, N, b, d, g, k, m, n, p, t, ~]) (mu=0.0, sigma^2=100000.0)	60.10279025147218
*MAP(in/Ent,m'__) (mu=0.0, sigma^2=100000.0)	0.0
*MAP(Y/o,[d, t]r'__[D, J, Z, b, d, g, v, z]) (mu=0.0, sigma^2=100000.0)	74.35094925042642
*MAP(I/^,[j, l, r, w]'__[N, m, n]) (mu=0.0, sigma^2=100000.0)	68.8639051749682
*MAP(/d,[C, D, J, N, S, T, Z, b, d, f, g, h, j, k, l, m, n, p, r, s, t, v, w, z, ~]Yz__) (mu=0.0, sigma^2=100000.0)	0.0
*MAP(I/Q,[C, D, J, N, S, T, Z, b, d, f, g, h, j, k, l, m, n, p, r, s, t, v, w, z, ~]'__[C, J, N, b, d, g, k, m, n, p, t, ~]) (mu=0.0, sigma^2=100000.0)	59.75515794812127
*MAP(/t,Rd__) (mu=0.0, sigma^2=100000.0)	0.3701219310780315
*MAP(Y/o,r'__[D, T, d, s, t, z]) (mu=0.0, sigma^2=100000.0)	12.888417538745001
*MAP(/d,[e, o]n__) (mu=0.0, sigma^2=100000.0)	0.0
*MAP(/,[C, J, b, d, g, k, p, t, ~]__) (mu=0.0, sigma^2=100000.0)	40.71308253172146
*MAP(/Xd,[b, m, p]'Qnd__) (mu=0.0, sigma^2=100000.0)	0.3319741092408155
*MAP(d/t,b'Il__) (mu=0.0, sigma^2=100000.0)	0.0
*MAP(/d,n__) (mu=0.0, sigma^2=100000.0)	0.3701219310780315
*MAP(/,[D, S, T, Z, f, h, l, s, v, z]'It__) (mu=0.0, sigma^2=100000.0)	59.933781407247196
*MAP(/t,J__) (mu=0.0, sigma^2=100000.0)	0.3701219310780315
*MAP(/d,[D, T, n, s, z]__) (mu=0.0, sigma^2=100000.0)	55.04842470328585
*MAP(/d,[C, D, J, R, S, T, Z, d, l, n, r, s, t, z]o__) (mu=0.0, sigma^2=100000.0)	0.3701219310780315
*MAP(e/U,'__k) (mu=0.0, sigma^2=100000.0)	0.3701219310780315
*MAP(/d,'ak__) (mu=0.0, sigma^2=100000.0)	0.3701219310780315
*MAP(/d,[Q, a]k__) (mu=0.0, sigma^2=100000.0)	0.3701219310780315
*MAP(/d,[C, J, R, S, Z, r]__) (mu=0.0, sigma^2=100000.0)	4.537845976923423
*MAP(Y/I,[D, J, N, Z, b, d, g, l, m, n, v, z]'__t) (mu=0.0, sigma^2=100000.0)	45.910046035918285
*MAP(/Xd,[D, J, N, Z, b, d, g, j, l, m, n, r, v, w, z]'Qnd__) (mu=0.0, sigma^2=100000.0)	0.36845381580013226
*MAP(o/E,h'__ld) (mu=0.0, sigma^2=100000.0)	0.0
*MAP(/d,[C, D, J, N, S, T, Z, b, d, f, g, h, j, k, l, m, n, p, r, s, t, v, w, z, ~]i__) (mu=0.0, sigma^2=100000.0)	0.20081940648595645
*MAP(I/^,[D, T, d, l, n, s, t, z]'__[N, g]) (mu=0.0, sigma^2=100000.0)	34.19777735774874
*MAP(I/Q,r'__N) (mu=0.0, sigma^2=100000.0)	27.73886915321885
*MAP(/,[E, I]d__) (mu=0.0, sigma^2=100000.0)	54.38003639448804
*MAP(Y/o,[D, N, S, T, Z, f, m, n, s, v, z]'__[d, n, t]) (mu=0.0, sigma^2=100000.0)	69.09405704886426
*MAP(I/^,[C, D, J, N, S, T, Z, b, d, f, g, h, j, k, l, m, n, p, r, s, t, v, w, z, ~]'__[J, N, b, d, g, m, n]) (mu=0.0, sigma^2=100000.0)	64.67636343279304
*MAP(/d,[A, D, E, I, L, O, P, Q, R, S, T, U, W, X, Y, Z, ^, a, e, f, h, i, j, l, o, r, s, u, v, w, z]__) (mu=0.0, sigma^2=100000.0)	17.005641729136645
*MAP(/t,k__) (mu=0.0, sigma^2=100000.0)	0.3701219310780315
*MAP(/d,'ap__) (mu=0.0, sigma^2=100000.0)	0.3701219310780315
*MAP(i/E,[D, N, S, T, Z, f, h, j, l, m, n, r, s, v, w, z]'__[d, t]) (mu=0.0, sigma^2=100000.0)	62.07879312838676
*MAP(/d,[R, r]d__) (mu=0.0, sigma^2=100000.0)	0.3701219310780315
*MAP(I/^,[C, J, b, d, g, k, p, t, ~]'__[C, J, N, b, d, g, k, m, n, p, t, ~]) (mu=0.0, sigma^2=100000.0)	26.631849472879757
*MAP(/d,[E, R, X, e]__) (mu=0.0, sigma^2=100000.0)	19.115525951854828
*MAP(Y/o,[S, Z, r]'__[D, T, d, n, s, t, z]) (mu=0.0, sigma^2=100000.0)	68.44816040244629
*MAP(I/^,__[C, J, N, b, d, g, k, m, n, p, t, ~]) (mu=0.0, sigma^2=100000.0)	82.08166661494276
*MAP(/Xd,Ist__) (mu=0.0, sigma^2=100000.0)	0.3701219310780315
*MAP(ip/Ept,l'__) (mu=0.0, sigma^2=100000.0)	0.0
